{"metadata":{"kernel_spec":{"name":"SQL","language":"sql","display_name":"SQL"},"language_info":{"name":"sql","version":""}},"nbformat":4,"nbformat_minor":2,"cells":[{"cell_type":"markdown","source":["# [Library]"],"metadata":{"urn":"Server[@Name='DESKTOP-E15UN3T']/Database[@Name='Library']","object_type":"Database"}},{"outputs":[],"execution_count":0,"cell_type":"code","source":["USE [master]\r\n","GO\r\n"],"metadata":{"urn":"Server[@Name='DESKTOP-E15UN3T']/Database[@Name='Library']","object_type":"Database"}},{"outputs":[],"execution_count":0,"cell_type":"code","source":["/****** Object:  Database [Library]    Script Date: 2/3/2023 9:20:45 AM ******/\r\nCREATE DATABASE [Library]\r\n CONTAINMENT = NONE\r\n ON  PRIMARY \r\n( NAME = N'Library', FILENAME = N'C:\\Program Files\\Microsoft SQL Server\\MSSQL15.MSSQLSERVER\\MSSQL\\DATA\\Library.mdf' , SIZE = 8192KB , MAXSIZE = UNLIMITED, FILEGROWTH = 65536KB )\r\n LOG ON \r\n( NAME = N'Library_log', FILENAME = N'C:\\Program Files\\Microsoft SQL Server\\MSSQL15.MSSQLSERVER\\MSSQL\\DATA\\Library_log.ldf' , SIZE = 8192KB , MAXSIZE = 2048GB , FILEGROWTH = 65536KB )\r\n WITH CATALOG_COLLATION = DATABASE_DEFAULT\r\n","GO\r\n","ALTER DATABASE [Library] SET COMPATIBILITY_LEVEL = 150\r\n","GO\r\n","IF (1 = FULLTEXTSERVICEPROPERTY('IsFullTextInstalled'))\r\nbegin\r\nEXEC [Library].[dbo].[sp_fulltext_database] @action = 'enable'\r\nend\r\n","GO\r\n","ALTER DATABASE [Library] SET ANSI_NULL_DEFAULT OFF \r\n","GO\r\n","ALTER DATABASE [Library] SET ANSI_NULLS OFF \r\n","GO\r\n","ALTER DATABASE [Library] SET ANSI_PADDING OFF \r\n","GO\r\n","ALTER DATABASE [Library] SET ANSI_WARNINGS OFF \r\n","GO\r\n","ALTER DATABASE [Library] SET ARITHABORT OFF \r\n","GO\r\n","ALTER DATABASE [Library] SET AUTO_CLOSE ON \r\n","GO\r\n","ALTER DATABASE [Library] SET AUTO_SHRINK OFF \r\n","GO\r\n","ALTER DATABASE [Library] SET AUTO_UPDATE_STATISTICS ON \r\n","GO\r\n","ALTER DATABASE [Library] SET CURSOR_CLOSE_ON_COMMIT OFF \r\n","GO\r\n","ALTER DATABASE [Library] SET CURSOR_DEFAULT  GLOBAL \r\n","GO\r\n","ALTER DATABASE [Library] SET CONCAT_NULL_YIELDS_NULL OFF \r\n","GO\r\n","ALTER DATABASE [Library] SET NUMERIC_ROUNDABORT OFF \r\n","GO\r\n","ALTER DATABASE [Library] SET QUOTED_IDENTIFIER OFF \r\n","GO\r\n","ALTER DATABASE [Library] SET RECURSIVE_TRIGGERS OFF \r\n","GO\r\n","ALTER DATABASE [Library] SET  ENABLE_BROKER \r\n","GO\r\n","ALTER DATABASE [Library] SET AUTO_UPDATE_STATISTICS_ASYNC OFF \r\n","GO\r\n","ALTER DATABASE [Library] SET DATE_CORRELATION_OPTIMIZATION OFF \r\n","GO\r\n","ALTER DATABASE [Library] SET TRUSTWORTHY OFF \r\n","GO\r\n","ALTER DATABASE [Library] SET ALLOW_SNAPSHOT_ISOLATION OFF \r\n","GO\r\n","ALTER DATABASE [Library] SET PARAMETERIZATION SIMPLE \r\n","GO\r\n","ALTER DATABASE [Library] SET READ_COMMITTED_SNAPSHOT OFF \r\n","GO\r\n","ALTER DATABASE [Library] SET HONOR_BROKER_PRIORITY OFF \r\n","GO\r\n","ALTER DATABASE [Library] SET RECOVERY SIMPLE \r\n","GO\r\n","ALTER DATABASE [Library] SET  MULTI_USER \r\n","GO\r\n","ALTER DATABASE [Library] SET PAGE_VERIFY CHECKSUM  \r\n","GO\r\n","ALTER DATABASE [Library] SET DB_CHAINING OFF \r\n","GO\r\n","ALTER DATABASE [Library] SET FILESTREAM( NON_TRANSACTED_ACCESS = OFF ) \r\n","GO\r\n","ALTER DATABASE [Library] SET TARGET_RECOVERY_TIME = 60 SECONDS \r\n","GO\r\n","ALTER DATABASE [Library] SET DELAYED_DURABILITY = DISABLED \r\n","GO\r\n","ALTER DATABASE [Library] SET ACCELERATED_DATABASE_RECOVERY = OFF  \r\n","GO\r\n","ALTER DATABASE [Library] SET QUERY_STORE = OFF\r\n","GO\r\n"],"metadata":{"urn":"Server[@Name='DESKTOP-E15UN3T']/Database[@Name='Library']","object_type":"Database"}},{"cell_type":"markdown","source":["# [dbo].[Authors]"],"metadata":{"urn":"Server[@Name='DESKTOP-E15UN3T']/Database[@Name='Library']/Table[@Name='Authors' and @Schema='dbo']","object_type":"Table"}},{"outputs":[],"execution_count":0,"cell_type":"code","source":["USE [Library]\r\n","GO\r\n"],"metadata":{"urn":"Server[@Name='DESKTOP-E15UN3T']/Database[@Name='Library']/Table[@Name='Authors' and @Schema='dbo']","object_type":"Table"}},{"outputs":[],"execution_count":0,"cell_type":"code","source":["/****** Object:  Table [dbo].[Authors]    Script Date: 2/3/2023 9:20:45 AM ******/\r\nSET ANSI_NULLS ON\r\n","GO\r\n","SET QUOTED_IDENTIFIER ON\r\n","GO\r\n","CREATE TABLE [dbo].[Authors](\r\n\t[Id] [int] NOT NULL,\r\n\t[FirstName] [nvarchar](15) NOT NULL,\r\n\t[LastName] [nvarchar](25) NOT NULL,\r\n CONSTRAINT [PK_Authors] PRIMARY KEY CLUSTERED \r\n(\r\n\t[Id] ASC\r\n)WITH (PAD_INDEX = OFF, STATISTICS_NORECOMPUTE = OFF, IGNORE_DUP_KEY = OFF, ALLOW_ROW_LOCKS = ON, ALLOW_PAGE_LOCKS = ON, OPTIMIZE_FOR_SEQUENTIAL_KEY = OFF) ON [PRIMARY]\r\n) ON [PRIMARY]\r\nGO\r\n"],"metadata":{"urn":"Server[@Name='DESKTOP-E15UN3T']/Database[@Name='Library']/Table[@Name='Authors' and @Schema='dbo']","object_type":"Table"}},{"cell_type":"markdown","source":["# [dbo].[Books]"],"metadata":{"urn":"Server[@Name='DESKTOP-E15UN3T']/Database[@Name='Library']/Table[@Name='Books' and @Schema='dbo']","object_type":"Table"}},{"outputs":[],"execution_count":0,"cell_type":"code","source":["/****** Object:  Table [dbo].[Books]    Script Date: 2/3/2023 9:20:45 AM ******/\r\nSET ANSI_NULLS ON\r\n","GO\r\n","SET QUOTED_IDENTIFIER ON\r\n","GO\r\n","CREATE TABLE [dbo].[Books](\r\n\t[Id] [int] NOT NULL,\r\n\t[Name] [nvarchar](100) NOT NULL,\r\n\t[Pages] [int] NOT NULL,\r\n\t[YearPress] [int] NOT NULL,\r\n\t[Id_Themes] [int] NOT NULL,\r\n\t[Id_Category] [int] NOT NULL,\r\n\t[Id_Author] [int] NOT NULL,\r\n\t[Id_Press] [int] NOT NULL,\r\n\t[Comment] [nvarchar](50) NULL,\r\n\t[Quantity] [int] NOT NULL,\r\n CONSTRAINT [PK_Books] PRIMARY KEY CLUSTERED \r\n(\r\n\t[Id] ASC\r\n)WITH (PAD_INDEX = OFF, STATISTICS_NORECOMPUTE = OFF, IGNORE_DUP_KEY = OFF, ALLOW_ROW_LOCKS = ON, ALLOW_PAGE_LOCKS = ON, OPTIMIZE_FOR_SEQUENTIAL_KEY = OFF) ON [PRIMARY]\r\n) ON [PRIMARY]\r\nGO\r\n"],"metadata":{"urn":"Server[@Name='DESKTOP-E15UN3T']/Database[@Name='Library']/Table[@Name='Books' and @Schema='dbo']","object_type":"Table"}},{"cell_type":"markdown","source":["# [dbo].[Categories]"],"metadata":{"urn":"Server[@Name='DESKTOP-E15UN3T']/Database[@Name='Library']/Table[@Name='Categories' and @Schema='dbo']","object_type":"Table"}},{"outputs":[],"execution_count":0,"cell_type":"code","source":["/****** Object:  Table [dbo].[Categories]    Script Date: 2/3/2023 9:20:45 AM ******/\r\nSET ANSI_NULLS ON\r\n","GO\r\n","SET QUOTED_IDENTIFIER ON\r\n","GO\r\n","CREATE TABLE [dbo].[Categories](\r\n\t[Id] [int] NOT NULL,\r\n\t[Name] [nvarchar](30) NOT NULL,\r\n CONSTRAINT [PK_Categories] PRIMARY KEY CLUSTERED \r\n(\r\n\t[Id] ASC\r\n)WITH (PAD_INDEX = OFF, STATISTICS_NORECOMPUTE = OFF, IGNORE_DUP_KEY = OFF, ALLOW_ROW_LOCKS = ON, ALLOW_PAGE_LOCKS = ON, OPTIMIZE_FOR_SEQUENTIAL_KEY = OFF) ON [PRIMARY]\r\n) ON [PRIMARY]\r\nGO\r\n"],"metadata":{"urn":"Server[@Name='DESKTOP-E15UN3T']/Database[@Name='Library']/Table[@Name='Categories' and @Schema='dbo']","object_type":"Table"}},{"cell_type":"markdown","source":["# [dbo].[Departments]"],"metadata":{"urn":"Server[@Name='DESKTOP-E15UN3T']/Database[@Name='Library']/Table[@Name='Departments' and @Schema='dbo']","object_type":"Table"}},{"outputs":[],"execution_count":0,"cell_type":"code","source":["/****** Object:  Table [dbo].[Departments]    Script Date: 2/3/2023 9:20:45 AM ******/\r\nSET ANSI_NULLS ON\r\n","GO\r\n","SET QUOTED_IDENTIFIER ON\r\n","GO\r\n","CREATE TABLE [dbo].[Departments](\r\n\t[Id] [int] NOT NULL,\r\n\t[Name] [nvarchar](40) NOT NULL,\r\n CONSTRAINT [PK_Departments] PRIMARY KEY CLUSTERED \r\n(\r\n\t[Id] ASC\r\n)WITH (PAD_INDEX = OFF, STATISTICS_NORECOMPUTE = OFF, IGNORE_DUP_KEY = OFF, ALLOW_ROW_LOCKS = ON, ALLOW_PAGE_LOCKS = ON, OPTIMIZE_FOR_SEQUENTIAL_KEY = OFF) ON [PRIMARY]\r\n) ON [PRIMARY]\r\nGO\r\n"],"metadata":{"urn":"Server[@Name='DESKTOP-E15UN3T']/Database[@Name='Library']/Table[@Name='Departments' and @Schema='dbo']","object_type":"Table"}},{"cell_type":"markdown","source":["# [dbo].[Faculties]"],"metadata":{"urn":"Server[@Name='DESKTOP-E15UN3T']/Database[@Name='Library']/Table[@Name='Faculties' and @Schema='dbo']","object_type":"Table"}},{"outputs":[],"execution_count":0,"cell_type":"code","source":["/****** Object:  Table [dbo].[Faculties]    Script Date: 2/3/2023 9:20:45 AM ******/\r\nSET ANSI_NULLS ON\r\n","GO\r\n","SET QUOTED_IDENTIFIER ON\r\n","GO\r\n","CREATE TABLE [dbo].[Faculties](\r\n\t[Id] [int] NOT NULL,\r\n\t[Name] [nvarchar](20) NOT NULL,\r\n CONSTRAINT [PK_Faculties] PRIMARY KEY CLUSTERED \r\n(\r\n\t[Id] ASC\r\n)WITH (PAD_INDEX = OFF, STATISTICS_NORECOMPUTE = OFF, IGNORE_DUP_KEY = OFF, ALLOW_ROW_LOCKS = ON, ALLOW_PAGE_LOCKS = ON, OPTIMIZE_FOR_SEQUENTIAL_KEY = OFF) ON [PRIMARY]\r\n) ON [PRIMARY]\r\nGO\r\n"],"metadata":{"urn":"Server[@Name='DESKTOP-E15UN3T']/Database[@Name='Library']/Table[@Name='Faculties' and @Schema='dbo']","object_type":"Table"}},{"cell_type":"markdown","source":["# [dbo].[Groups]"],"metadata":{"urn":"Server[@Name='DESKTOP-E15UN3T']/Database[@Name='Library']/Table[@Name='Groups' and @Schema='dbo']","object_type":"Table"}},{"outputs":[],"execution_count":0,"cell_type":"code","source":["/****** Object:  Table [dbo].[Groups]    Script Date: 2/3/2023 9:20:45 AM ******/\r\nSET ANSI_NULLS ON\r\n","GO\r\n","SET QUOTED_IDENTIFIER ON\r\n","GO\r\n","CREATE TABLE [dbo].[Groups](\r\n\t[Id] [int] NOT NULL,\r\n\t[Name] [nvarchar](10) NOT NULL,\r\n\t[Id_Faculty] [int] NOT NULL,\r\n CONSTRAINT [PK_Groups] PRIMARY KEY CLUSTERED \r\n(\r\n\t[Id] ASC\r\n)WITH (PAD_INDEX = OFF, STATISTICS_NORECOMPUTE = OFF, IGNORE_DUP_KEY = OFF, ALLOW_ROW_LOCKS = ON, ALLOW_PAGE_LOCKS = ON, OPTIMIZE_FOR_SEQUENTIAL_KEY = OFF) ON [PRIMARY]\r\n) ON [PRIMARY]\r\nGO\r\n"],"metadata":{"urn":"Server[@Name='DESKTOP-E15UN3T']/Database[@Name='Library']/Table[@Name='Groups' and @Schema='dbo']","object_type":"Table"}},{"cell_type":"markdown","source":["# [dbo].[Libs]"],"metadata":{"urn":"Server[@Name='DESKTOP-E15UN3T']/Database[@Name='Library']/Table[@Name='Libs' and @Schema='dbo']","object_type":"Table"}},{"outputs":[],"execution_count":0,"cell_type":"code","source":["/****** Object:  Table [dbo].[Libs]    Script Date: 2/3/2023 9:20:45 AM ******/\r\nSET ANSI_NULLS ON\r\n","GO\r\n","SET QUOTED_IDENTIFIER ON\r\n","GO\r\n","CREATE TABLE [dbo].[Libs](\r\n\t[Id] [int] NOT NULL,\r\n\t[FirstName] [nvarchar](15) NOT NULL,\r\n\t[LastName] [nvarchar](25) NOT NULL,\r\n CONSTRAINT [PK_Libs] PRIMARY KEY CLUSTERED \r\n(\r\n\t[Id] ASC\r\n)WITH (PAD_INDEX = OFF, STATISTICS_NORECOMPUTE = OFF, IGNORE_DUP_KEY = OFF, ALLOW_ROW_LOCKS = ON, ALLOW_PAGE_LOCKS = ON, OPTIMIZE_FOR_SEQUENTIAL_KEY = OFF) ON [PRIMARY]\r\n) ON [PRIMARY]\r\nGO\r\n"],"metadata":{"urn":"Server[@Name='DESKTOP-E15UN3T']/Database[@Name='Library']/Table[@Name='Libs' and @Schema='dbo']","object_type":"Table"}},{"cell_type":"markdown","source":["# [dbo].[Press]"],"metadata":{"urn":"Server[@Name='DESKTOP-E15UN3T']/Database[@Name='Library']/Table[@Name='Press' and @Schema='dbo']","object_type":"Table"}},{"outputs":[],"execution_count":0,"cell_type":"code","source":["/****** Object:  Table [dbo].[Press]    Script Date: 2/3/2023 9:20:45 AM ******/\r\nSET ANSI_NULLS ON\r\n","GO\r\n","SET QUOTED_IDENTIFIER ON\r\n","GO\r\n","CREATE TABLE [dbo].[Press](\r\n\t[Id] [int] NOT NULL,\r\n\t[Name] [nvarchar](30) NOT NULL,\r\n CONSTRAINT [PK_Press] PRIMARY KEY CLUSTERED \r\n(\r\n\t[Id] ASC\r\n)WITH (PAD_INDEX = OFF, STATISTICS_NORECOMPUTE = OFF, IGNORE_DUP_KEY = OFF, ALLOW_ROW_LOCKS = ON, ALLOW_PAGE_LOCKS = ON, OPTIMIZE_FOR_SEQUENTIAL_KEY = OFF) ON [PRIMARY]\r\n) ON [PRIMARY]\r\nGO\r\n"],"metadata":{"urn":"Server[@Name='DESKTOP-E15UN3T']/Database[@Name='Library']/Table[@Name='Press' and @Schema='dbo']","object_type":"Table"}},{"cell_type":"markdown","source":["# [dbo].[S_Cards]"],"metadata":{"urn":"Server[@Name='DESKTOP-E15UN3T']/Database[@Name='Library']/Table[@Name='S_Cards' and @Schema='dbo']","object_type":"Table"}},{"outputs":[],"execution_count":0,"cell_type":"code","source":["/****** Object:  Table [dbo].[S_Cards]    Script Date: 2/3/2023 9:20:45 AM ******/\r\nSET ANSI_NULLS ON\r\n","GO\r\n","SET QUOTED_IDENTIFIER ON\r\n","GO\r\n","CREATE TABLE [dbo].[S_Cards](\r\n\t[Id] [int] NOT NULL,\r\n\t[Id_Student] [int] NOT NULL,\r\n\t[Id_Book] [int] NOT NULL,\r\n\t[DateOut] [datetime] NOT NULL,\r\n\t[DateIn] [datetime] NULL,\r\n\t[Id_Lib] [int] NOT NULL,\r\n CONSTRAINT [PK_S_Cards] PRIMARY KEY CLUSTERED \r\n(\r\n\t[Id] ASC\r\n)WITH (PAD_INDEX = OFF, STATISTICS_NORECOMPUTE = OFF, IGNORE_DUP_KEY = OFF, ALLOW_ROW_LOCKS = ON, ALLOW_PAGE_LOCKS = ON, OPTIMIZE_FOR_SEQUENTIAL_KEY = OFF) ON [PRIMARY]\r\n) ON [PRIMARY]\r\nGO\r\n"],"metadata":{"urn":"Server[@Name='DESKTOP-E15UN3T']/Database[@Name='Library']/Table[@Name='S_Cards' and @Schema='dbo']","object_type":"Table"}},{"cell_type":"markdown","source":["# [dbo].[Students]"],"metadata":{"urn":"Server[@Name='DESKTOP-E15UN3T']/Database[@Name='Library']/Table[@Name='Students' and @Schema='dbo']","object_type":"Table"}},{"outputs":[],"execution_count":0,"cell_type":"code","source":["/****** Object:  Table [dbo].[Students]    Script Date: 2/3/2023 9:20:45 AM ******/\r\nSET ANSI_NULLS ON\r\n","GO\r\n","SET QUOTED_IDENTIFIER ON\r\n","GO\r\n","CREATE TABLE [dbo].[Students](\r\n\t[Id] [int] NOT NULL,\r\n\t[FirstName] [nvarchar](15) NOT NULL,\r\n\t[LastName] [nvarchar](25) NOT NULL,\r\n\t[Id_Group] [int] NOT NULL,\r\n\t[Term] [int] NOT NULL,\r\n CONSTRAINT [PK_Students] PRIMARY KEY CLUSTERED \r\n(\r\n\t[Id] ASC\r\n)WITH (PAD_INDEX = OFF, STATISTICS_NORECOMPUTE = OFF, IGNORE_DUP_KEY = OFF, ALLOW_ROW_LOCKS = ON, ALLOW_PAGE_LOCKS = ON, OPTIMIZE_FOR_SEQUENTIAL_KEY = OFF) ON [PRIMARY]\r\n) ON [PRIMARY]\r\nGO\r\n"],"metadata":{"urn":"Server[@Name='DESKTOP-E15UN3T']/Database[@Name='Library']/Table[@Name='Students' and @Schema='dbo']","object_type":"Table"}},{"cell_type":"markdown","source":["# [dbo].[T_Cards]"],"metadata":{"urn":"Server[@Name='DESKTOP-E15UN3T']/Database[@Name='Library']/Table[@Name='T_Cards' and @Schema='dbo']","object_type":"Table"}},{"outputs":[],"execution_count":0,"cell_type":"code","source":["/****** Object:  Table [dbo].[T_Cards]    Script Date: 2/3/2023 9:20:45 AM ******/\r\nSET ANSI_NULLS ON\r\n","GO\r\n","SET QUOTED_IDENTIFIER ON\r\n","GO\r\n","CREATE TABLE [dbo].[T_Cards](\r\n\t[Id] [int] NOT NULL,\r\n\t[Id_Teacher] [int] NOT NULL,\r\n\t[Id_Book] [int] NOT NULL,\r\n\t[DateOut] [datetime] NOT NULL,\r\n\t[DateIn] [datetime] NULL,\r\n\t[Id_Lib] [int] NOT NULL,\r\n CONSTRAINT [PK_T_Cards] PRIMARY KEY CLUSTERED \r\n(\r\n\t[Id] ASC\r\n)WITH (PAD_INDEX = OFF, STATISTICS_NORECOMPUTE = OFF, IGNORE_DUP_KEY = OFF, ALLOW_ROW_LOCKS = ON, ALLOW_PAGE_LOCKS = ON, OPTIMIZE_FOR_SEQUENTIAL_KEY = OFF) ON [PRIMARY]\r\n) ON [PRIMARY]\r\nGO\r\n"],"metadata":{"urn":"Server[@Name='DESKTOP-E15UN3T']/Database[@Name='Library']/Table[@Name='T_Cards' and @Schema='dbo']","object_type":"Table"}},{"cell_type":"markdown","source":["# [dbo].[Teachers]"],"metadata":{"urn":"Server[@Name='DESKTOP-E15UN3T']/Database[@Name='Library']/Table[@Name='Teachers' and @Schema='dbo']","object_type":"Table"}},{"outputs":[],"execution_count":0,"cell_type":"code","source":["/****** Object:  Table [dbo].[Teachers]    Script Date: 2/3/2023 9:20:45 AM ******/\r\nSET ANSI_NULLS ON\r\n","GO\r\n","SET QUOTED_IDENTIFIER ON\r\n","GO\r\n","CREATE TABLE [dbo].[Teachers](\r\n\t[Id] [int] NOT NULL,\r\n\t[FirstName] [nvarchar](15) NOT NULL,\r\n\t[LastName] [nvarchar](25) NOT NULL,\r\n\t[Id_Dep] [int] NOT NULL,\r\n CONSTRAINT [PK_Teachers] PRIMARY KEY CLUSTERED \r\n(\r\n\t[Id] ASC\r\n)WITH (PAD_INDEX = OFF, STATISTICS_NORECOMPUTE = OFF, IGNORE_DUP_KEY = OFF, ALLOW_ROW_LOCKS = ON, ALLOW_PAGE_LOCKS = ON, OPTIMIZE_FOR_SEQUENTIAL_KEY = OFF) ON [PRIMARY]\r\n) ON [PRIMARY]\r\nGO\r\n"],"metadata":{"urn":"Server[@Name='DESKTOP-E15UN3T']/Database[@Name='Library']/Table[@Name='Teachers' and @Schema='dbo']","object_type":"Table"}},{"cell_type":"markdown","source":["# [dbo].[Themes]"],"metadata":{"urn":"Server[@Name='DESKTOP-E15UN3T']/Database[@Name='Library']/Table[@Name='Themes' and @Schema='dbo']","object_type":"Table"}},{"outputs":[],"execution_count":0,"cell_type":"code","source":["/****** Object:  Table [dbo].[Themes]    Script Date: 2/3/2023 9:20:45 AM ******/\r\nSET ANSI_NULLS ON\r\n","GO\r\n","SET QUOTED_IDENTIFIER ON\r\n","GO\r\n","CREATE TABLE [dbo].[Themes](\r\n\t[Id] [int] NOT NULL,\r\n\t[Name] [nvarchar](30) NOT NULL,\r\n CONSTRAINT [PK_Themes] PRIMARY KEY CLUSTERED \r\n(\r\n\t[Id] ASC\r\n)WITH (PAD_INDEX = OFF, STATISTICS_NORECOMPUTE = OFF, IGNORE_DUP_KEY = OFF, ALLOW_ROW_LOCKS = ON, ALLOW_PAGE_LOCKS = ON, OPTIMIZE_FOR_SEQUENTIAL_KEY = OFF) ON [PRIMARY]\r\n) ON [PRIMARY]\r\nGO\r\n"],"metadata":{"urn":"Server[@Name='DESKTOP-E15UN3T']/Database[@Name='Library']/Table[@Name='Themes' and @Schema='dbo']","object_type":"Table"}},{"cell_type":"markdown","source":["# [dbo].[Authors]"],"metadata":{"urn":"Server[@Name='DESKTOP-E15UN3T']/Database[@Name='Library']/Table[@Name='Authors' and @Schema='dbo']","object_type":"Table"}},{"outputs":[],"execution_count":0,"cell_type":"code","source":["INSERT [dbo].[Authors] ([Id], [FirstName], [LastName]) VALUES (1, N'James R. ', N'Groff')\r\n","INSERT [dbo].[Authors] ([Id], [FirstName], [LastName]) VALUES (2, N'Sergey ', N'Nikolsky')\r\n","INSERT [dbo].[Authors] ([Id], [FirstName], [LastName]) VALUES (3, N'Michael ', N'Marows')\r\n","INSERT [dbo].[Authors] ([Id], [FirstName], [LastName]) VALUES (4, N'Boris ', N'Carpov')\r\n","INSERT [dbo].[Authors] ([Id], [FirstName], [LastName]) VALUES (5, N'Alexey ', N'Arkhangelsky')\r\n","INSERT [dbo].[Authors] ([Id], [FirstName], [LastName]) VALUES (6, N'Vladimir ', N'Korol')\r\n","INSERT [dbo].[Authors] ([Id], [FirstName], [LastName]) VALUES (7, N'Evangelos ', N'Petrusos')\r\n","INSERT [dbo].[Authors] ([Id], [FirstName], [LastName]) VALUES (8, N'Markus', N'Herhager')\r\n","INSERT [dbo].[Authors] ([Id], [FirstName], [LastName]) VALUES (9, N'Pavel', N'Garbar')\r\n","INSERT [dbo].[Authors] ([Id], [FirstName], [LastName]) VALUES (10, N'Aleksandr', N'Matrosov')\r\n","INSERT [dbo].[Authors] ([Id], [FirstName], [LastName]) VALUES (11, N'Ludmila', N'Omelchenko')\r\n","INSERT [dbo].[Authors] ([Id], [FirstName], [LastName]) VALUES (12, N'Kevin ', N'Reichard')\r\n","INSERT [dbo].[Authors] ([Id], [FirstName], [LastName]) VALUES (13, N'Olga ', N'Kokoreva')\r\n","INSERT [dbo].[Authors] ([Id], [FirstName], [LastName]) VALUES (14, N'Mark ', N'Braun')\r\n","GO\r\n"],"metadata":{"urn":"Server[@Name='DESKTOP-E15UN3T']/Database[@Name='Library']/Table[@Name='Authors' and @Schema='dbo']","object_type":"Table"}},{"cell_type":"markdown","source":["# [dbo].[Books]"],"metadata":{"urn":"Server[@Name='DESKTOP-E15UN3T']/Database[@Name='Library']/Table[@Name='Books' and @Schema='dbo']","object_type":"Table"}},{"outputs":[],"execution_count":0,"cell_type":"code","source":["INSERT [dbo].[Books] ([Id], [Name], [Pages], [YearPress], [Id_Themes], [Id_Category], [Id_Author], [Id_Press], [Comment], [Quantity]) VALUES (1, N'SQL', 816, 2001, 1, 1, 1, 2, N'Part 2', 4)\r\n","INSERT [dbo].[Books] ([Id], [Name], [Pages], [YearPress], [Id_Themes], [Id_Category], [Id_Author], [Id_Press], [Comment], [Quantity]) VALUES (2, N'KamranLI', 1351, 2022, 3, 6, 3, 3, N'eladir', 4)\r\n","INSERT [dbo].[Books] ([Id], [Name], [Pages], [YearPress], [Id_Themes], [Id_Category], [Id_Author], [Id_Press], [Comment], [Quantity]) VALUES (3, N'100 components of the general purpose library Delphi 5', 272, 1999, 2, 4, 5, 4, N'Components', 2)\r\n","INSERT [dbo].[Books] ([Id], [Name], [Pages], [YearPress], [Id_Themes], [Id_Category], [Id_Author], [Id_Press], [Comment], [Quantity]) VALUES (4, N'Visual Basic 6', 416, 2000, 2, 5, 4, 3, N'Special reference book', 1)\r\n","INSERT [dbo].[Books] ([Id], [Name], [Pages], [YearPress], [Id_Themes], [Id_Category], [Id_Author], [Id_Press], [Comment], [Quantity]) VALUES (5, N'Course of mathematical analysis', 328, 1990, 4, 2, 2, 5, N'Volume 1', 2)\r\n","INSERT [dbo].[Books] ([Id], [Name], [Pages], [YearPress], [Id_Themes], [Id_Category], [Id_Author], [Id_Press], [Comment], [Quantity]) VALUES (6, N'C ++ Builder 5: 70 library of information input / output components', 288, 2000, 2, 3, 5, 4, N'Components', 1)\r\n","INSERT [dbo].[Books] ([Id], [Name], [Pages], [YearPress], [Id_Themes], [Id_Category], [Id_Author], [Id_Press], [Comment], [Quantity]) VALUES (7, N'Integrated Development Environment', 272, 2000, 2, 3, 5, 4, N'Development environment', 2)\r\n","INSERT [dbo].[Books] ([Id], [Name], [Pages], [YearPress], [Id_Themes], [Id_Category], [Id_Author], [Id_Press], [Comment], [Quantity]) VALUES (8, N'Help for Delphi 5 and Object Pascal', 32, 2000, 2, 4, 5, 4, N'Directory', 1)\r\n","INSERT [dbo].[Books] ([Id], [Name], [Pages], [YearPress], [Id_Themes], [Id_Category], [Id_Author], [Id_Press], [Comment], [Quantity]) VALUES (9, N'KamranLI', 1351, 2022, 2, 5, 6, 6, N'eladir', 4)\r\n","INSERT [dbo].[Books] ([Id], [Name], [Pages], [YearPress], [Id_Themes], [Id_Category], [Id_Author], [Id_Press], [Comment], [Quantity]) VALUES (10, N'Visual Basic 6', 576, 2000, 2, 5, 7, 2, N'Developer`s guide 1-st volume', 1)\r\n","INSERT [dbo].[Books] ([Id], [Name], [Pages], [YearPress], [Id_Themes], [Id_Category], [Id_Author], [Id_Press], [Comment], [Quantity]) VALUES (11, N'Mathcad 2000', 416, 2000, 5, 7, 8, 2, N'Complete Guide', 1)\r\n","INSERT [dbo].[Books] ([Id], [Name], [Pages], [YearPress], [Id_Themes], [Id_Category], [Id_Author], [Id_Press], [Comment], [Quantity]) VALUES (12, N'Novell GroupWise 5.5 e-mail and collaboration system', 480, 2000, 6, 8, 9, 2, N'Network Packages', 2)\r\n","INSERT [dbo].[Books] ([Id], [Name], [Pages], [YearPress], [Id_Themes], [Id_Category], [Id_Author], [Id_Press], [Comment], [Quantity]) VALUES (13, N'Windows 2000 registry', 352, 2000, 9, 12, 13, 2, N'A guide for professionals', 4)\r\n","INSERT [dbo].[Books] ([Id], [Name], [Pages], [YearPress], [Id_Themes], [Id_Category], [Id_Author], [Id_Press], [Comment], [Quantity]) VALUES (14, N'Unix directory', 384, 1999, 9, 13, 12, 3, N'Reference Guide', 0)\r\n","INSERT [dbo].[Books] ([Id], [Name], [Pages], [YearPress], [Id_Themes], [Id_Category], [Id_Author], [Id_Press], [Comment], [Quantity]) VALUES (15, N'Self-Teaching Visual FoxPro 6.0', 512, 1999, 1, 11, 11, 2, N'Self-Teaching', 1)\r\n","INSERT [dbo].[Books] ([Id], [Name], [Pages], [YearPress], [Id_Themes], [Id_Category], [Id_Author], [Id_Press], [Comment], [Quantity]) VALUES (16, N'Self-Teaching FrontPage 2000', 512, 1999, 7, 10, 11, 2, N'Self-Teaching', 1)\r\n","INSERT [dbo].[Books] ([Id], [Name], [Pages], [YearPress], [Id_Themes], [Id_Category], [Id_Author], [Id_Press], [Comment], [Quantity]) VALUES (17, N'Self-Teaching Perl', 432, 2000, 2, 9, 10, 2, N'Self-Teaching', 2)\r\n","INSERT [dbo].[Books] ([Id], [Name], [Pages], [YearPress], [Id_Themes], [Id_Category], [Id_Author], [Id_Press], [Comment], [Quantity]) VALUES (18, N'KamranLI', 1351, 2022, 7, 14, 14, 2, N'eladir', 4)\r\n","INSERT [dbo].[Books] ([Id], [Name], [Pages], [YearPress], [Id_Themes], [Id_Category], [Id_Author], [Id_Press], [Comment], [Quantity]) VALUES (19, N'Data base', 256, 1996, 1, 1, 4, 4, NULL, 1)\r\n","INSERT [dbo].[Books] ([Id], [Name], [Pages], [YearPress], [Id_Themes], [Id_Category], [Id_Author], [Id_Press], [Comment], [Quantity]) VALUES (20, N'WCF, Part 1', 250, 2010, 1, 1, 4, 2, NULL, 4)\r\n","INSERT [dbo].[Books] ([Id], [Name], [Pages], [YearPress], [Id_Themes], [Id_Category], [Id_Author], [Id_Press], [Comment], [Quantity]) VALUES (21, N'WCF, Part 2', 250, 2010, 1, 1, 4, 2, NULL, 4)\r\n","INSERT [dbo].[Books] ([Id], [Name], [Pages], [YearPress], [Id_Themes], [Id_Category], [Id_Author], [Id_Press], [Comment], [Quantity]) VALUES (22, N'WCF, Part 3', 250, 2010, 1, 1, 4, 2, NULL, 4)\r\n","INSERT [dbo].[Books] ([Id], [Name], [Pages], [YearPress], [Id_Themes], [Id_Category], [Id_Author], [Id_Press], [Comment], [Quantity]) VALUES (101, N'SQL server part 1', 105, 2010, 1, 1, 4, 3, N'Part 1', 1)\r\n","INSERT [dbo].[Books] ([Id], [Name], [Pages], [YearPress], [Id_Themes], [Id_Category], [Id_Author], [Id_Press], [Comment], [Quantity]) VALUES (102, N'SQL server part 2', 115, 2010, 1, 1, 4, 3, N'Part 2', 4)\r\n","INSERT [dbo].[Books] ([Id], [Name], [Pages], [YearPress], [Id_Themes], [Id_Category], [Id_Author], [Id_Press], [Comment], [Quantity]) VALUES (2123, N'KamranLI', 1351, 2022, 1, 1, 1, 1, N'eladir', 4)\r\n","GO\r\n"],"metadata":{"urn":"Server[@Name='DESKTOP-E15UN3T']/Database[@Name='Library']/Table[@Name='Books' and @Schema='dbo']","object_type":"Table"}},{"cell_type":"markdown","source":["# [dbo].[Categories]"],"metadata":{"urn":"Server[@Name='DESKTOP-E15UN3T']/Database[@Name='Library']/Table[@Name='Categories' and @Schema='dbo']","object_type":"Table"}},{"outputs":[],"execution_count":0,"cell_type":"code","source":["INSERT [dbo].[Categories] ([Id], [Name]) VALUES (1, N'SQL Language')\r\n","INSERT [dbo].[Categories] ([Id], [Name]) VALUES (2, N'Mathematical Analysis')\r\n","INSERT [dbo].[Categories] ([Id], [Name]) VALUES (3, N'C ++ Builder ')\r\n","INSERT [dbo].[Categories] ([Id], [Name]) VALUES (4, N'Delphi ')\r\n","INSERT [dbo].[Categories] ([Id], [Name]) VALUES (5, N'Visual Basic ')\r\n","INSERT [dbo].[Categories] ([Id], [Name]) VALUES (6, N'3D Studio Max ')\r\n","INSERT [dbo].[Categories] ([Id], [Name]) VALUES (7, N'Mathcad ')\r\n","INSERT [dbo].[Categories] ([Id], [Name]) VALUES (8, N'Novell ')\r\n","INSERT [dbo].[Categories] ([Id], [Name]) VALUES (9, N'Perl ')\r\n","INSERT [dbo].[Categories] ([Id], [Name]) VALUES (10, N'FrontPage ')\r\n","INSERT [dbo].[Categories] ([Id], [Name]) VALUES (11, N'Visual FoxPro ')\r\n","INSERT [dbo].[Categories] ([Id], [Name]) VALUES (12, N'Windows 2000 ')\r\n","INSERT [dbo].[Categories] ([Id], [Name]) VALUES (13, N'Unix ')\r\n","INSERT [dbo].[Categories] ([Id], [Name]) VALUES (14, N'HTML ')\r\n","GO\r\n"],"metadata":{"urn":"Server[@Name='DESKTOP-E15UN3T']/Database[@Name='Library']/Table[@Name='Categories' and @Schema='dbo']","object_type":"Table"}},{"cell_type":"markdown","source":["# [dbo].[Departments]"],"metadata":{"urn":"Server[@Name='DESKTOP-E15UN3T']/Database[@Name='Library']/Table[@Name='Departments' and @Schema='dbo']","object_type":"Table"}},{"outputs":[],"execution_count":0,"cell_type":"code","source":["INSERT [dbo].[Departments] ([Id], [Name]) VALUES (1, N'Programmerstva ')\r\n","INSERT [dbo].[Departments] ([Id], [Name]) VALUES (2, N'Graphics and Designs')\r\n","INSERT [dbo].[Departments] ([Id], [Name]) VALUES (3, N'Iron and Administration')\r\n","GO\r\n"],"metadata":{"urn":"Server[@Name='DESKTOP-E15UN3T']/Database[@Name='Library']/Table[@Name='Departments' and @Schema='dbo']","object_type":"Table"}},{"cell_type":"markdown","source":["# [dbo].[Faculties]"],"metadata":{"urn":"Server[@Name='DESKTOP-E15UN3T']/Database[@Name='Library']/Table[@Name='Faculties' and @Schema='dbo']","object_type":"Table"}},{"outputs":[],"execution_count":0,"cell_type":"code","source":["INSERT [dbo].[Faculties] ([Id], [Name]) VALUES (1, N'Programming ')\r\n","INSERT [dbo].[Faculties] ([Id], [Name]) VALUES (2, N'Web Design')\r\n","INSERT [dbo].[Faculties] ([Id], [Name]) VALUES (3, N'Administrations')\r\n","GO\r\n"],"metadata":{"urn":"Server[@Name='DESKTOP-E15UN3T']/Database[@Name='Library']/Table[@Name='Faculties' and @Schema='dbo']","object_type":"Table"}},{"cell_type":"markdown","source":["# [dbo].[Groups]"],"metadata":{"urn":"Server[@Name='DESKTOP-E15UN3T']/Database[@Name='Library']/Table[@Name='Groups' and @Schema='dbo']","object_type":"Table"}},{"outputs":[],"execution_count":0,"cell_type":"code","source":["INSERT [dbo].[Groups] ([Id], [Name], [Id_Faculty]) VALUES (2, N'9P1 ', 1)\r\n","INSERT [dbo].[Groups] ([Id], [Name], [Id_Faculty]) VALUES (3, N'9P2 ', 1)\r\n","INSERT [dbo].[Groups] ([Id], [Name], [Id_Faculty]) VALUES (4, N'9A ', 3)\r\n","INSERT [dbo].[Groups] ([Id], [Name], [Id_Faculty]) VALUES (5, N'9D ', 2)\r\n","INSERT [dbo].[Groups] ([Id], [Name], [Id_Faculty]) VALUES (6, N'14A ', 3)\r\n","INSERT [dbo].[Groups] ([Id], [Name], [Id_Faculty]) VALUES (7, N'19P1 ', 1)\r\n","INSERT [dbo].[Groups] ([Id], [Name], [Id_Faculty]) VALUES (8, N'18P2 ', 1)\r\n","INSERT [dbo].[Groups] ([Id], [Name], [Id_Faculty]) VALUES (9, N'18A ', 3)\r\n","INSERT [dbo].[Groups] ([Id], [Name], [Id_Faculty]) VALUES (10, N'19D ', 2)\r\n","GO\r\n"],"metadata":{"urn":"Server[@Name='DESKTOP-E15UN3T']/Database[@Name='Library']/Table[@Name='Groups' and @Schema='dbo']","object_type":"Table"}},{"cell_type":"markdown","source":["# [dbo].[Libs]"],"metadata":{"urn":"Server[@Name='DESKTOP-E15UN3T']/Database[@Name='Library']/Table[@Name='Libs' and @Schema='dbo']","object_type":"Table"}},{"outputs":[],"execution_count":0,"cell_type":"code","source":["INSERT [dbo].[Libs] ([Id], [FirstName], [LastName]) VALUES (1, N'Sergey ', N'Maksimenko')\r\n","INSERT [dbo].[Libs] ([Id], [FirstName], [LastName]) VALUES (2, N'Dmitry ', N'Chebotarev')\r\n","GO\r\n"],"metadata":{"urn":"Server[@Name='DESKTOP-E15UN3T']/Database[@Name='Library']/Table[@Name='Libs' and @Schema='dbo']","object_type":"Table"}},{"cell_type":"markdown","source":["# [dbo].[Press]"],"metadata":{"urn":"Server[@Name='DESKTOP-E15UN3T']/Database[@Name='Library']/Table[@Name='Press' and @Schema='dbo']","object_type":"Table"}},{"outputs":[],"execution_count":0,"cell_type":"code","source":["INSERT [dbo].[Press] ([Id], [Name]) VALUES (1, N'DiaSoft ')\r\n","INSERT [dbo].[Press] ([Id], [Name]) VALUES (2, N'BHV ')\r\n","INSERT [dbo].[Press] ([Id], [Name]) VALUES (3, N'Piter')\r\n","INSERT [dbo].[Press] ([Id], [Name]) VALUES (4, N'Binom ')\r\n","INSERT [dbo].[Press] ([Id], [Name]) VALUES (5, N'Nauka')\r\n","INSERT [dbo].[Press] ([Id], [Name]) VALUES (6, N'Kudits-Image')\r\n","INSERT [dbo].[Press] ([Id], [Name]) VALUES (7, N'Dialectics')\r\n","GO\r\n"],"metadata":{"urn":"Server[@Name='DESKTOP-E15UN3T']/Database[@Name='Library']/Table[@Name='Press' and @Schema='dbo']","object_type":"Table"}},{"cell_type":"markdown","source":["# [dbo].[S_Cards]"],"metadata":{"urn":"Server[@Name='DESKTOP-E15UN3T']/Database[@Name='Library']/Table[@Name='S_Cards' and @Schema='dbo']","object_type":"Table"}},{"outputs":[],"execution_count":0,"cell_type":"code","source":["INSERT [dbo].[S_Cards] ([Id], [Id_Student], [Id_Book], [DateOut], [DateIn], [Id_Lib]) VALUES (1, 2, 1, CAST(N'2001-05-17T00:00:00.000' AS DateTime), CAST(N'2001-06-12T00:00:00.000' AS DateTime), 1)\r\n","INSERT [dbo].[S_Cards] ([Id], [Id_Student], [Id_Book], [DateOut], [DateIn], [Id_Lib]) VALUES (2, 17, 18, CAST(N'2000-05-18T00:00:00.000' AS DateTime), NULL, 1)\r\n","INSERT [dbo].[S_Cards] ([Id], [Id_Student], [Id_Book], [DateOut], [DateIn], [Id_Lib]) VALUES (3, 6, 3, CAST(N'2001-04-21T00:00:00.000' AS DateTime), NULL, 2)\r\n","INSERT [dbo].[S_Cards] ([Id], [Id_Student], [Id_Book], [DateOut], [DateIn], [Id_Lib]) VALUES (4, 21, 4, CAST(N'2001-03-26T00:00:00.000' AS DateTime), NULL, 2)\r\n","INSERT [dbo].[S_Cards] ([Id], [Id_Student], [Id_Book], [DateOut], [DateIn], [Id_Lib]) VALUES (5, 3, 1, CAST(N'2000-05-07T00:00:00.000' AS DateTime), CAST(N'2001-04-12T00:00:00.000' AS DateTime), 1)\r\n","INSERT [dbo].[S_Cards] ([Id], [Id_Student], [Id_Book], [DateOut], [DateIn], [Id_Lib]) VALUES (6, 7, 11, CAST(N'2001-06-02T00:00:00.000' AS DateTime), NULL, 2)\r\n","INSERT [dbo].[S_Cards] ([Id], [Id_Student], [Id_Book], [DateOut], [DateIn], [Id_Lib]) VALUES (7, 16, 14, CAST(N'2001-04-05T00:00:00.000' AS DateTime), NULL, 1)\r\n","INSERT [dbo].[S_Cards] ([Id], [Id_Student], [Id_Book], [DateOut], [DateIn], [Id_Lib]) VALUES (8, 11, 6, CAST(N'2001-05-05T00:00:00.000' AS DateTime), CAST(N'2002-12-11T00:00:00.000' AS DateTime), 2)\r\n","INSERT [dbo].[S_Cards] ([Id], [Id_Student], [Id_Book], [DateOut], [DateIn], [Id_Lib]) VALUES (9, 17, 2, CAST(N'2001-10-01T00:00:00.000' AS DateTime), NULL, 2)\r\n","INSERT [dbo].[S_Cards] ([Id], [Id_Student], [Id_Book], [DateOut], [DateIn], [Id_Lib]) VALUES (10, 10, 13, CAST(N'2001-05-05T00:00:00.000' AS DateTime), CAST(N'2002-12-11T00:00:00.000' AS DateTime), 1)\r\n","INSERT [dbo].[S_Cards] ([Id], [Id_Student], [Id_Book], [DateOut], [DateIn], [Id_Lib]) VALUES (11, 16, 11, CAST(N'2001-05-05T00:00:00.000' AS DateTime), NULL, 1)\r\n","INSERT [dbo].[S_Cards] ([Id], [Id_Student], [Id_Book], [DateOut], [DateIn], [Id_Lib]) VALUES (12, 2, 2, CAST(N'1900-01-01T00:00:00.000' AS DateTime), NULL, 1)\r\n","INSERT [dbo].[S_Cards] ([Id], [Id_Student], [Id_Book], [DateOut], [DateIn], [Id_Lib]) VALUES (99, 5, 14, CAST(N'1900-01-01T00:00:00.000' AS DateTime), NULL, 1)\r\n","INSERT [dbo].[S_Cards] ([Id], [Id_Student], [Id_Book], [DateOut], [DateIn], [Id_Lib]) VALUES (101, 5, 4, CAST(N'1900-01-01T00:00:00.000' AS DateTime), NULL, 1)\r\n","GO\r\n"],"metadata":{"urn":"Server[@Name='DESKTOP-E15UN3T']/Database[@Name='Library']/Table[@Name='S_Cards' and @Schema='dbo']","object_type":"Table"}},{"cell_type":"markdown","source":["# [dbo].[Students]"],"metadata":{"urn":"Server[@Name='DESKTOP-E15UN3T']/Database[@Name='Library']/Table[@Name='Students' and @Schema='dbo']","object_type":"Table"}},{"outputs":[],"execution_count":0,"cell_type":"code","source":["INSERT [dbo].[Students] ([Id], [FirstName], [LastName], [Id_Group], [Term]) VALUES (2, N'Vyacheslav ', N'Zesik', 8, 2)\r\n","INSERT [dbo].[Students] ([Id], [FirstName], [LastName], [Id_Group], [Term]) VALUES (3, N'Olga ', N'Mantulyak', 8, 2)\r\n","INSERT [dbo].[Students] ([Id], [FirstName], [LastName], [Id_Group], [Term]) VALUES (4, N'Olga ', N'Hrenova', 8, 2)\r\n","INSERT [dbo].[Students] ([Id], [FirstName], [LastName], [Id_Group], [Term]) VALUES (5, N'Olga ', N'Medvedeva', 8, 2)\r\n","INSERT [dbo].[Students] ([Id], [FirstName], [LastName], [Id_Group], [Term]) VALUES (6, N'Galina ', N'Inashchenko', 8, 2)\r\n","INSERT [dbo].[Students] ([Id], [FirstName], [LastName], [Id_Group], [Term]) VALUES (7, N'Jury ', N'Minaev', 8, 2)\r\n","INSERT [dbo].[Students] ([Id], [FirstName], [LastName], [Id_Group], [Term]) VALUES (8, N'Jury ', N'Domovesov', 8, 2)\r\n","INSERT [dbo].[Students] ([Id], [FirstName], [LastName], [Id_Group], [Term]) VALUES (9, N'Russland ', N'Yarmolovich', 8, 2)\r\n","INSERT [dbo].[Students] ([Id], [FirstName], [LastName], [Id_Group], [Term]) VALUES (10, N'Igor ', N'Udovik', 8, 2)\r\n","INSERT [dbo].[Students] ([Id], [FirstName], [LastName], [Id_Group], [Term]) VALUES (11, N'Petr ', N'Katsevich', 8, 2)\r\n","INSERT [dbo].[Students] ([Id], [FirstName], [LastName], [Id_Group], [Term]) VALUES (12, N'Eugenius', N'Burcev', 3, 2)\r\n","INSERT [dbo].[Students] ([Id], [FirstName], [LastName], [Id_Group], [Term]) VALUES (13, N'Flora ', N'Pobirskaya', 3, 2)\r\n","INSERT [dbo].[Students] ([Id], [FirstName], [LastName], [Id_Group], [Term]) VALUES (14, N'Atalya ', N'Gridina', 3, 2)\r\n","INSERT [dbo].[Students] ([Id], [FirstName], [LastName], [Id_Group], [Term]) VALUES (15, N'Elena ', N'Akusova', 3, 2)\r\n","INSERT [dbo].[Students] ([Id], [FirstName], [LastName], [Id_Group], [Term]) VALUES (16, N'Svetlana ', N'Gorshkov', 9, 2)\r\n","INSERT [dbo].[Students] ([Id], [FirstName], [LastName], [Id_Group], [Term]) VALUES (17, N'Alexander', N'Lyubenko ', 10, 2)\r\n","INSERT [dbo].[Students] ([Id], [FirstName], [LastName], [Id_Group], [Term]) VALUES (18, N'Eugenia ', N'Cymbalyuk', 10, 2)\r\n","INSERT [dbo].[Students] ([Id], [FirstName], [LastName], [Id_Group], [Term]) VALUES (19, N'Olga ', N'Bolyachevskaya', 5, 2)\r\n","INSERT [dbo].[Students] ([Id], [FirstName], [LastName], [Id_Group], [Term]) VALUES (20, N'Stanislav ', N'Pleshakov', 7, 2)\r\n","INSERT [dbo].[Students] ([Id], [FirstName], [LastName], [Id_Group], [Term]) VALUES (21, N'Elena ', N'Taran', 4, 2)\r\n","INSERT [dbo].[Students] ([Id], [FirstName], [LastName], [Id_Group], [Term]) VALUES (22, N'Denis ', N'Rogachevsky', 6, 2)\r\n","INSERT [dbo].[Students] ([Id], [FirstName], [LastName], [Id_Group], [Term]) VALUES (23, N'Oksana ', N'Tihonova', 6, 2)\r\n","INSERT [dbo].[Students] ([Id], [FirstName], [LastName], [Id_Group], [Term]) VALUES (24, N'Petr ', N'Maximov', 3, 2)\r\n","INSERT [dbo].[Students] ([Id], [FirstName], [LastName], [Id_Group], [Term]) VALUES (25, N'Iryna ', N'Stogneeva', 5, 2)\r\n","GO\r\n"],"metadata":{"urn":"Server[@Name='DESKTOP-E15UN3T']/Database[@Name='Library']/Table[@Name='Students' and @Schema='dbo']","object_type":"Table"}},{"cell_type":"markdown","source":["# [dbo].[T_Cards]"],"metadata":{"urn":"Server[@Name='DESKTOP-E15UN3T']/Database[@Name='Library']/Table[@Name='T_Cards' and @Schema='dbo']","object_type":"Table"}},{"outputs":[],"execution_count":0,"cell_type":"code","source":["INSERT [dbo].[T_Cards] ([Id], [Id_Teacher], [Id_Book], [DateOut], [DateIn], [Id_Lib]) VALUES (1, 2, 13, CAST(N'2000-01-01T00:00:00.000' AS DateTime), CAST(N'2001-07-04T00:00:00.000' AS DateTime), 1)\r\n","INSERT [dbo].[T_Cards] ([Id], [Id_Teacher], [Id_Book], [DateOut], [DateIn], [Id_Lib]) VALUES (2, 10, 2, CAST(N'2000-03-03T00:00:00.000' AS DateTime), NULL, 1)\r\n","INSERT [dbo].[T_Cards] ([Id], [Id_Teacher], [Id_Book], [DateOut], [DateIn], [Id_Lib]) VALUES (3, 6, 12, CAST(N'2000-06-04T00:00:00.000' AS DateTime), NULL, 2)\r\n","INSERT [dbo].[T_Cards] ([Id], [Id_Teacher], [Id_Book], [DateOut], [DateIn], [Id_Lib]) VALUES (4, 3, 1, CAST(N'2000-09-05T00:00:00.000' AS DateTime), NULL, 1)\r\n","INSERT [dbo].[T_Cards] ([Id], [Id_Teacher], [Id_Book], [DateOut], [DateIn], [Id_Lib]) VALUES (5, 8, 8, CAST(N'2000-05-05T00:00:00.000' AS DateTime), NULL, 2)\r\n","INSERT [dbo].[T_Cards] ([Id], [Id_Teacher], [Id_Book], [DateOut], [DateIn], [Id_Lib]) VALUES (6, 5, 18, CAST(N'2001-02-02T00:00:00.000' AS DateTime), NULL, 2)\r\n","INSERT [dbo].[T_Cards] ([Id], [Id_Teacher], [Id_Book], [DateOut], [DateIn], [Id_Lib]) VALUES (7, 12, 17, CAST(N'2001-03-04T00:00:00.000' AS DateTime), NULL, 1)\r\n","INSERT [dbo].[T_Cards] ([Id], [Id_Teacher], [Id_Book], [DateOut], [DateIn], [Id_Lib]) VALUES (8, 4, 18, CAST(N'2000-07-02T00:00:00.000' AS DateTime), NULL, 1)\r\n","GO\r\n"],"metadata":{"urn":"Server[@Name='DESKTOP-E15UN3T']/Database[@Name='Library']/Table[@Name='T_Cards' and @Schema='dbo']","object_type":"Table"}},{"cell_type":"markdown","source":["# [dbo].[Teachers]"],"metadata":{"urn":"Server[@Name='DESKTOP-E15UN3T']/Database[@Name='Library']/Table[@Name='Teachers' and @Schema='dbo']","object_type":"Table"}},{"outputs":[],"execution_count":0,"cell_type":"code","source":["INSERT [dbo].[Teachers] ([Id], [FirstName], [LastName], [Id_Dep]) VALUES (1, N'Grigory ', N'Jashchuk', 1)\r\n","INSERT [dbo].[Teachers] ([Id], [FirstName], [LastName], [Id_Dep]) VALUES (2, N'Alex', N'Tumanov ', 1)\r\n","INSERT [dbo].[Teachers] ([Id], [FirstName], [LastName], [Id_Dep]) VALUES (3, N'Sergey ', N'Maksimenko', 2)\r\n","INSERT [dbo].[Teachers] ([Id], [FirstName], [LastName], [Id_Dep]) VALUES (4, N'Dmitry', N'Borovsky', 2)\r\n","INSERT [dbo].[Teachers] ([Id], [FirstName], [LastName], [Id_Dep]) VALUES (5, N'Victor ', N'Brovar', 2)\r\n","INSERT [dbo].[Teachers] ([Id], [FirstName], [LastName], [Id_Dep]) VALUES (6, N'Vadim ', N'Tkachenko', 3)\r\n","INSERT [dbo].[Teachers] ([Id], [FirstName], [LastName], [Id_Dep]) VALUES (7, N'Vyacheslav ', N'Kalashnikov', 3)\r\n","INSERT [dbo].[Teachers] ([Id], [FirstName], [LastName], [Id_Dep]) VALUES (8, N'Ruslan ', N'Kucherenko', 1)\r\n","INSERT [dbo].[Teachers] ([Id], [FirstName], [LastName], [Id_Dep]) VALUES (9, N'Andrey', N'Tendyuk', 1)\r\n","INSERT [dbo].[Teachers] ([Id], [FirstName], [LastName], [Id_Dep]) VALUES (10, N'Anatoly ', N'Vyklyuk', 2)\r\n","INSERT [dbo].[Teachers] ([Id], [FirstName], [LastName], [Id_Dep]) VALUES (11, N'Oleg ', N'Reznichenko', 3)\r\n","INSERT [dbo].[Teachers] ([Id], [FirstName], [LastName], [Id_Dep]) VALUES (12, N'Alexander', N'Artemov ', 1)\r\n","GO\r\n"],"metadata":{"urn":"Server[@Name='DESKTOP-E15UN3T']/Database[@Name='Library']/Table[@Name='Teachers' and @Schema='dbo']","object_type":"Table"}},{"cell_type":"markdown","source":["# [dbo].[Themes]"],"metadata":{"urn":"Server[@Name='DESKTOP-E15UN3T']/Database[@Name='Library']/Table[@Name='Themes' and @Schema='dbo']","object_type":"Table"}},{"outputs":[],"execution_count":0,"cell_type":"code","source":["INSERT [dbo].[Themes] ([Id], [Name]) VALUES (1, N'Bases of data ')\r\n","INSERT [dbo].[Themes] ([Id], [Name]) VALUES (2, N'Programming')\r\n","INSERT [dbo].[Themes] ([Id], [Name]) VALUES (3, N'Graphic Packages')\r\n","INSERT [dbo].[Themes] ([Id], [Name]) VALUES (4, N'High Mathematics')\r\n","INSERT [dbo].[Themes] ([Id], [Name]) VALUES (5, N'Mathematical Packages')\r\n","INSERT [dbo].[Themes] ([Id], [Name]) VALUES (6, N'Networks')\r\n","INSERT [dbo].[Themes] ([Id], [Name]) VALUES (7, N'Web-design')\r\n","INSERT [dbo].[Themes] ([Id], [Name]) VALUES (8, N'Windows 2000 ')\r\n","INSERT [dbo].[Themes] ([Id], [Name]) VALUES (9, N'operating systems')\r\n","GO\r\n"],"metadata":{"urn":"Server[@Name='DESKTOP-E15UN3T']/Database[@Name='Library']/Table[@Name='Themes' and @Schema='dbo']","object_type":"Table"}},{"cell_type":"markdown","source":["# [FK_Books_Author]"],"metadata":{"urn":"Server[@Name='DESKTOP-E15UN3T']/Database[@Name='Library']/Table[@Name='Books' and @Schema='dbo']/ForeignKey[@Name='FK_Books_Author']","object_type":"ForeignKey"}},{"outputs":[],"execution_count":0,"cell_type":"code","source":["ALTER TABLE [dbo].[Books]  WITH CHECK ADD  CONSTRAINT [FK_Books_Author] FOREIGN KEY([Id_Author])\r\nREFERENCES [dbo].[Authors] ([Id])\r\n","GO\r\n","ALTER TABLE [dbo].[Books] CHECK CONSTRAINT [FK_Books_Author]\r\n","GO\r\n"],"metadata":{"urn":"Server[@Name='DESKTOP-E15UN3T']/Database[@Name='Library']/Table[@Name='Books' and @Schema='dbo']/ForeignKey[@Name='FK_Books_Author']","object_type":"ForeignKey"}},{"cell_type":"markdown","source":["# [FK_Books_Category]"],"metadata":{"urn":"Server[@Name='DESKTOP-E15UN3T']/Database[@Name='Library']/Table[@Name='Books' and @Schema='dbo']/ForeignKey[@Name='FK_Books_Category']","object_type":"ForeignKey"}},{"outputs":[],"execution_count":0,"cell_type":"code","source":["ALTER TABLE [dbo].[Books]  WITH CHECK ADD  CONSTRAINT [FK_Books_Category] FOREIGN KEY([Id_Category])\r\nREFERENCES [dbo].[Categories] ([Id])\r\n","GO\r\n","ALTER TABLE [dbo].[Books] CHECK CONSTRAINT [FK_Books_Category]\r\n","GO\r\n"],"metadata":{"urn":"Server[@Name='DESKTOP-E15UN3T']/Database[@Name='Library']/Table[@Name='Books' and @Schema='dbo']/ForeignKey[@Name='FK_Books_Category']","object_type":"ForeignKey"}},{"cell_type":"markdown","source":["# [FK_Books_Press]"],"metadata":{"urn":"Server[@Name='DESKTOP-E15UN3T']/Database[@Name='Library']/Table[@Name='Books' and @Schema='dbo']/ForeignKey[@Name='FK_Books_Press']","object_type":"ForeignKey"}},{"outputs":[],"execution_count":0,"cell_type":"code","source":["ALTER TABLE [dbo].[Books]  WITH CHECK ADD  CONSTRAINT [FK_Books_Press] FOREIGN KEY([Id_Press])\r\nREFERENCES [dbo].[Press] ([Id])\r\n","GO\r\n","ALTER TABLE [dbo].[Books] CHECK CONSTRAINT [FK_Books_Press]\r\n","GO\r\n"],"metadata":{"urn":"Server[@Name='DESKTOP-E15UN3T']/Database[@Name='Library']/Table[@Name='Books' and @Schema='dbo']/ForeignKey[@Name='FK_Books_Press']","object_type":"ForeignKey"}},{"cell_type":"markdown","source":["# [FK_Books_Theme]"],"metadata":{"urn":"Server[@Name='DESKTOP-E15UN3T']/Database[@Name='Library']/Table[@Name='Books' and @Schema='dbo']/ForeignKey[@Name='FK_Books_Theme']","object_type":"ForeignKey"}},{"outputs":[],"execution_count":0,"cell_type":"code","source":["ALTER TABLE [dbo].[Books]  WITH CHECK ADD  CONSTRAINT [FK_Books_Theme] FOREIGN KEY([Id_Themes])\r\nREFERENCES [dbo].[Themes] ([Id])\r\n","GO\r\n","ALTER TABLE [dbo].[Books] CHECK CONSTRAINT [FK_Books_Theme]\r\n","GO\r\n"],"metadata":{"urn":"Server[@Name='DESKTOP-E15UN3T']/Database[@Name='Library']/Table[@Name='Books' and @Schema='dbo']/ForeignKey[@Name='FK_Books_Theme']","object_type":"ForeignKey"}},{"cell_type":"markdown","source":["# [FK_Groups_Faculty]"],"metadata":{"urn":"Server[@Name='DESKTOP-E15UN3T']/Database[@Name='Library']/Table[@Name='Groups' and @Schema='dbo']/ForeignKey[@Name='FK_Groups_Faculty']","object_type":"ForeignKey"}},{"outputs":[],"execution_count":0,"cell_type":"code","source":["ALTER TABLE [dbo].[Groups]  WITH CHECK ADD  CONSTRAINT [FK_Groups_Faculty] FOREIGN KEY([Id_Faculty])\r\nREFERENCES [dbo].[Faculties] ([Id])\r\n","GO\r\n","ALTER TABLE [dbo].[Groups] CHECK CONSTRAINT [FK_Groups_Faculty]\r\n","GO\r\n"],"metadata":{"urn":"Server[@Name='DESKTOP-E15UN3T']/Database[@Name='Library']/Table[@Name='Groups' and @Schema='dbo']/ForeignKey[@Name='FK_Groups_Faculty']","object_type":"ForeignKey"}},{"cell_type":"markdown","source":["# [FK_S_Cards_Lib]"],"metadata":{"urn":"Server[@Name='DESKTOP-E15UN3T']/Database[@Name='Library']/Table[@Name='S_Cards' and @Schema='dbo']/ForeignKey[@Name='FK_S_Cards_Lib']","object_type":"ForeignKey"}},{"outputs":[],"execution_count":0,"cell_type":"code","source":["ALTER TABLE [dbo].[S_Cards]  WITH CHECK ADD  CONSTRAINT [FK_S_Cards_Lib] FOREIGN KEY([Id_Lib])\r\nREFERENCES [dbo].[Libs] ([Id])\r\n","GO\r\n","ALTER TABLE [dbo].[S_Cards] CHECK CONSTRAINT [FK_S_Cards_Lib]\r\n","GO\r\n"],"metadata":{"urn":"Server[@Name='DESKTOP-E15UN3T']/Database[@Name='Library']/Table[@Name='S_Cards' and @Schema='dbo']/ForeignKey[@Name='FK_S_Cards_Lib']","object_type":"ForeignKey"}},{"cell_type":"markdown","source":["# [FK_S_Cards_Stud]"],"metadata":{"urn":"Server[@Name='DESKTOP-E15UN3T']/Database[@Name='Library']/Table[@Name='S_Cards' and @Schema='dbo']/ForeignKey[@Name='FK_S_Cards_Stud']","object_type":"ForeignKey"}},{"outputs":[],"execution_count":0,"cell_type":"code","source":["ALTER TABLE [dbo].[S_Cards]  WITH CHECK ADD  CONSTRAINT [FK_S_Cards_Stud] FOREIGN KEY([Id_Student])\r\nREFERENCES [dbo].[Students] ([Id])\r\n","GO\r\n","ALTER TABLE [dbo].[S_Cards] CHECK CONSTRAINT [FK_S_Cards_Stud]\r\n","GO\r\n"],"metadata":{"urn":"Server[@Name='DESKTOP-E15UN3T']/Database[@Name='Library']/Table[@Name='S_Cards' and @Schema='dbo']/ForeignKey[@Name='FK_S_Cards_Stud']","object_type":"ForeignKey"}},{"cell_type":"markdown","source":["# [FK_Students_Group]"],"metadata":{"urn":"Server[@Name='DESKTOP-E15UN3T']/Database[@Name='Library']/Table[@Name='Students' and @Schema='dbo']/ForeignKey[@Name='FK_Students_Group']","object_type":"ForeignKey"}},{"outputs":[],"execution_count":0,"cell_type":"code","source":["ALTER TABLE [dbo].[Students]  WITH CHECK ADD  CONSTRAINT [FK_Students_Group] FOREIGN KEY([Id_Group])\r\nREFERENCES [dbo].[Groups] ([Id])\r\n","GO\r\n","ALTER TABLE [dbo].[Students] CHECK CONSTRAINT [FK_Students_Group]\r\n","GO\r\n"],"metadata":{"urn":"Server[@Name='DESKTOP-E15UN3T']/Database[@Name='Library']/Table[@Name='Students' and @Schema='dbo']/ForeignKey[@Name='FK_Students_Group']","object_type":"ForeignKey"}},{"cell_type":"markdown","source":["# [FK_T_Cards_Lib]"],"metadata":{"urn":"Server[@Name='DESKTOP-E15UN3T']/Database[@Name='Library']/Table[@Name='T_Cards' and @Schema='dbo']/ForeignKey[@Name='FK_T_Cards_Lib']","object_type":"ForeignKey"}},{"outputs":[],"execution_count":0,"cell_type":"code","source":["ALTER TABLE [dbo].[T_Cards]  WITH CHECK ADD  CONSTRAINT [FK_T_Cards_Lib] FOREIGN KEY([Id_Lib])\r\nREFERENCES [dbo].[Libs] ([Id])\r\n","GO\r\n","ALTER TABLE [dbo].[T_Cards] CHECK CONSTRAINT [FK_T_Cards_Lib]\r\n","GO\r\n"],"metadata":{"urn":"Server[@Name='DESKTOP-E15UN3T']/Database[@Name='Library']/Table[@Name='T_Cards' and @Schema='dbo']/ForeignKey[@Name='FK_T_Cards_Lib']","object_type":"ForeignKey"}},{"cell_type":"markdown","source":["# [FK_T_Cards_Teacher]"],"metadata":{"urn":"Server[@Name='DESKTOP-E15UN3T']/Database[@Name='Library']/Table[@Name='T_Cards' and @Schema='dbo']/ForeignKey[@Name='FK_T_Cards_Teacher']","object_type":"ForeignKey"}},{"outputs":[],"execution_count":0,"cell_type":"code","source":["ALTER TABLE [dbo].[T_Cards]  WITH CHECK ADD  CONSTRAINT [FK_T_Cards_Teacher] FOREIGN KEY([Id_Teacher])\r\nREFERENCES [dbo].[Teachers] ([Id])\r\n","GO\r\n","ALTER TABLE [dbo].[T_Cards] CHECK CONSTRAINT [FK_T_Cards_Teacher]\r\n","GO\r\n"],"metadata":{"urn":"Server[@Name='DESKTOP-E15UN3T']/Database[@Name='Library']/Table[@Name='T_Cards' and @Schema='dbo']/ForeignKey[@Name='FK_T_Cards_Teacher']","object_type":"ForeignKey"}},{"cell_type":"markdown","source":["# [FK_Teachers_Dep]"],"metadata":{"urn":"Server[@Name='DESKTOP-E15UN3T']/Database[@Name='Library']/Table[@Name='Teachers' and @Schema='dbo']/ForeignKey[@Name='FK_Teachers_Dep']","object_type":"ForeignKey"}},{"outputs":[],"execution_count":0,"cell_type":"code","source":["ALTER TABLE [dbo].[Teachers]  WITH CHECK ADD  CONSTRAINT [FK_Teachers_Dep] FOREIGN KEY([Id_Dep])\r\nREFERENCES [dbo].[Departments] ([Id])\r\n","GO\r\n","ALTER TABLE [dbo].[Teachers] CHECK CONSTRAINT [FK_Teachers_Dep]\r\n","GO\r\n"],"metadata":{"urn":"Server[@Name='DESKTOP-E15UN3T']/Database[@Name='Library']/Table[@Name='Teachers' and @Schema='dbo']/ForeignKey[@Name='FK_Teachers_Dep']","object_type":"ForeignKey"}},{"cell_type":"markdown","source":["# [dbo].[DeleteBooks]"],"metadata":{"urn":"Server[@Name='DESKTOP-E15UN3T']/Database[@Name='Library']/StoredProcedure[@Name='DeleteBooks' and @Schema='dbo']","object_type":"StoredProcedure"}},{"outputs":[],"execution_count":0,"cell_type":"code","source":["/****** Object:  StoredProcedure [dbo].[DeleteBooks]    Script Date: 2/3/2023 9:20:45 AM ******/\r\nSET ANSI_NULLS ON\r\n","GO\r\n","SET QUOTED_IDENTIFIER ON\r\n","GO\r\n","\r\nCREATE PROCEDURE [dbo].[DeleteBooks]\r\n@booksId INT\r\nAS\r\nBEGIN\r\n\tDELETE \r\n\tFROM Books\r\n\tWHERE Books.Id=@booksId\r\nEND\r\n","GO\r\n"],"metadata":{"urn":"Server[@Name='DESKTOP-E15UN3T']/Database[@Name='Library']/StoredProcedure[@Name='DeleteBooks' and @Schema='dbo']","object_type":"StoredProcedure"}},{"cell_type":"markdown","source":["# [dbo].[InsertBook]"],"metadata":{"urn":"Server[@Name='DESKTOP-E15UN3T']/Database[@Name='Library']/StoredProcedure[@Name='InsertBook' and @Schema='dbo']","object_type":"StoredProcedure"}},{"outputs":[],"execution_count":0,"cell_type":"code","source":["/****** Object:  StoredProcedure [dbo].[InsertBook]    Script Date: 2/3/2023 9:20:45 AM ******/\r\nSET ANSI_NULLS ON\r\n","GO\r\n","SET QUOTED_IDENTIFIER ON\r\n","GO\r\n","CREATE PROCEDURE [dbo].[InsertBook]\r\n@Id int,\r\n@Name NVARCHAR(100),\r\n@Pages int,\r\n@YearPress int,\r\n@Id_Themes int,\r\n@Id_Category int,\r\n@Id_Author int,\r\n@Id_Press int,\r\n@Comment nvarchar(50),\r\n@Quantity int\r\nAS \r\nBEGIN\r\n\r\n\tINSERT INTO Books([Id],[Name],[Pages],[YearPress],[Id_Themes],[Id_Category],[Id_Author],[Id_Press],[Comment],[Quantity])\r\n\tVALUES(@Id,@Name,@Pages,@YearPress,@Id_Themes,@Id_Category,@Id_Author,@Id_Press,@Comment,@Quantity)\r\n\r\nEND\r\nGO\r\n"],"metadata":{"urn":"Server[@Name='DESKTOP-E15UN3T']/Database[@Name='Library']/StoredProcedure[@Name='InsertBook' and @Schema='dbo']","object_type":"StoredProcedure"}},{"cell_type":"markdown","source":["# [dbo].[ShowAllBooks]"],"metadata":{"urn":"Server[@Name='DESKTOP-E15UN3T']/Database[@Name='Library']/StoredProcedure[@Name='ShowAllBooks' and @Schema='dbo']","object_type":"StoredProcedure"}},{"outputs":[],"execution_count":0,"cell_type":"code","source":["/****** Object:  StoredProcedure [dbo].[ShowAllBooks]    Script Date: 2/3/2023 9:20:45 AM ******/\r\nSET ANSI_NULLS ON\r\n","GO\r\n","SET QUOTED_IDENTIFIER ON\r\n","GO\r\n","CREATE PROCEDURE [dbo].[ShowAllBooks]\r\nAS\r\nBEGIN \r\n\t\r\nSELECT B.[Id],B.[Name], B.[Pages], B.[YearPress], B.[Comment], B.[Quantity],A.[FirstName] + ' ' + A.[LastName] AS AuthorFullName,T.[Name] AS ThemesName, C.[Name] AS CategoryName, P.[Name] AS PressName \r\nFROM Books AS B\r\nINNER JOIN Authors AS A\r\nON A.Id=B.Id_Author\r\nINNER JOIN Themes AS T\r\nON T.Id = B.Id_Themes\r\nINNER JOIN Categories AS C\r\nON B.Id_Category =C.Id\r\nINNER JOIN Press AS P\r\nON P.Id=B.Id_Press\r\n\r\nEND\r\n","GO\r\n"],"metadata":{"urn":"Server[@Name='DESKTOP-E15UN3T']/Database[@Name='Library']/StoredProcedure[@Name='ShowAllBooks' and @Schema='dbo']","object_type":"StoredProcedure"}},{"cell_type":"markdown","source":["# [dbo].[UpdateBook]"],"metadata":{"urn":"Server[@Name='DESKTOP-E15UN3T']/Database[@Name='Library']/StoredProcedure[@Name='UpdateBook' and @Schema='dbo']","object_type":"StoredProcedure"}},{"outputs":[],"execution_count":0,"cell_type":"code","source":["/****** Object:  StoredProcedure [dbo].[UpdateBook]    Script Date: 2/3/2023 9:20:45 AM ******/\r\nSET ANSI_NULLS ON\r\n","GO\r\n","SET QUOTED_IDENTIFIER ON\r\n","GO\r\n","CREATE PROCEDURE [dbo].[UpdateBook]\r\n@Name nvarchar(100),\r\n@NewName nvarchar(100),\r\n@Pages int,\r\n@NewPages int,\r\n@YearPress int,\r\n@NewYearPress int,\r\n@Comment NVARCHAR(50),\r\n@NewComment NVARCHAR(50),\r\n@Quantity int,\r\n@NewQuantity int\r\n\r\nAS\r\nBEGIN\r\n\r\n\tUPDATE Books\r\n\tSET  [Name]=@NewName, [Pages]=@NewPages, [YearPress] =@NewYearPress, [Comment]= @NewComment, [Quantity] = @NewQuantity\r\n\tWHERE Books.[Name] = @Name AND Books.[Pages] = @Pages AND Books.[YearPress] = @YearPress AND\r\n\t\t\tBooks.[Comment] = @Comment OR Books.[Quantity]=@Quantity\r\n\r\nEND\r\nGO\r\n"],"metadata":{"urn":"Server[@Name='DESKTOP-E15UN3T']/Database[@Name='Library']/StoredProcedure[@Name='UpdateBook' and @Schema='dbo']","object_type":"StoredProcedure"}},{"cell_type":"markdown","source":["# [Library]"],"metadata":{"urn":"Server[@Name='DESKTOP-E15UN3T']/Database[@Name='Library']","object_type":"Database"}},{"outputs":[],"execution_count":0,"cell_type":"code","source":["USE [master]\r\n","GO\r\n"],"metadata":{"urn":"Server[@Name='DESKTOP-E15UN3T']/Database[@Name='Library']","object_type":"Database"}},{"outputs":[],"execution_count":0,"cell_type":"code","source":["ALTER DATABASE [Library] SET  READ_WRITE \r\n","GO\r\n"],"metadata":{"urn":"Server[@Name='DESKTOP-E15UN3T']/Database[@Name='Library']","object_type":"Database"}}]}